{"education": {" Some-college": {"precision": 0.7028301886792453, "recall": 0.5379061371841155, "fbeta": 0.6094069529652352, "sample": 1485}, " HS-grad": {"precision": 0.6550218340611353, "recall": 0.43478260869565216, "fbeta": 0.5226480836236934, "sample": 2085}, " Bachelors": {"precision": 0.7517241379310344, "recall": 0.7266666666666667, "fbeta": 0.7389830508474576, "sample": 1053}, " Masters": {"precision": 0.8262910798122066, "recall": 0.8502415458937198, "fbeta": 0.8380952380952381, "sample": 369}, " Assoc-acdm": {"precision": 0.717948717948718, "recall": 0.5957446808510638, "fbeta": 0.6511627906976745, "sample": 198}, " 7th-8th": {"precision": 0.5, "recall": 0.16666666666666666, "fbeta": 0.25, "sample": 141}, " 11th": {"precision": 1.0, "recall": 0.2727272727272727, "fbeta": 0.42857142857142855, "sample": 225}, " Assoc-voc": {"precision": 0.6851851851851852, "recall": 0.5873015873015873, "fbeta": 0.6324786324786325, "sample": 273}, " Prof-school": {"precision": 0.8125, "recall": 0.9285714285714286, "fbeta": 0.8666666666666667, "sample": 116}, " 9th": {"precision": 1.0, "recall": 0.3333333333333333, "fbeta": 0.5, "sample": 115}, " 5th-6th": {"precision": 1.0, "recall": 0.5, "fbeta": 0.6666666666666666, "sample": 62}, " 10th": {"precision": 0.3333333333333333, "recall": 0.16666666666666666, "fbeta": 0.2222222222222222, "sample": 183}, " Doctorate": {"precision": 0.8524590163934426, "recall": 0.9122807017543859, "fbeta": 0.8813559322033898, "sample": 77}, " 12th": {"precision": 1.0, "recall": 0.4, "fbeta": 0.5714285714285714, "sample": 98}, " 1st-4th": {"precision": 1.0, "recall": 1.0, "fbeta": 1.0, "sample": 23}, " Preschool": {"precision": 1.0, "recall": 1.0, "fbeta": 1.0, "sample": 10}}}